{"identifier" : "ref1", "date" : "201803", "numberCol" : "four" , "count" : 20},
{"identifier" : "ref1", "date" : "201803", "numberCol" : "four" , "count" : 19},
{"identifier" : "ref1", "date" : "201803", "numberCol" : "one"  , "count" :  1},
{"identifier" : "ref1", "date" : "201803", "numberCol" : "one"  , "count" :  2},
{"identifier" : "ref1", "date" : "201803", "numberCol" : "three", "count" : 13},
{"identifier" : "ref1", "date" : "201803", "numberCol" : "three", "count" : 14},
{"identifier" : "ref1", "date" : "201803", "numberCol" : "two"  , "count" :  8},
{"identifier" : "ref1", "date" : "201803", "numberCol" : "two"  , "count" :  7},
{"identifier" : "ref2", "date" : "201802", "numberCol" : "four" , "count" : 21},
{"identifier" : "ref2", "date" : "201802", "numberCol" : "four" , "count" : 22},
{"identifier" : "ref2", "date" : "201802", "numberCol" : "one"  , "count" :  4},
{"identifier" : "ref2", "date" : "201802", "numberCol" : "one"  , "count" :  3},
{"identifier" : "ref2", "date" : "201802", "numberCol" : "three", "count" : 15},
{"identifier" : "ref2", "date" : "201802", "numberCol" : "three", "count" : 16},
{"identifier" : "ref2", "date" : "201802", "numberCol" : "two"  , "count" :  9},
{"identifier" : "ref2", "date" : "201802", "numberCol" : "two"  , "count" : 10},
{"identifier" : "ref3", "date" : "201801", "numberCol" : "four" , "count" : 24},
{"identifier" : "ref3", "date" : "201801", "numberCol" : "four" , "count" : 23},
{"identifier" : "ref3", "date" : "201801", "numberCol" : "one"  , "count" :  5},
{"identifier" : "ref3", "date" : "201801", "numberCol" : "one"  , "count" :  6},
{"identifier" : "ref3", "date" : "201801", "numberCol" : "three", "count" : 17},
{"identifier" : "ref3", "date" : "201801", "numberCol" : "three", "count" : 18},
{"identifier" : "ref3", "date" : "201801", "numberCol" : "two"  , "count" : 11},
{"identifier" : "ref3", "date" : "201801", "numberCol" : "two"  , "count" : 12}