identifier,date,numberCol,count
ref1,201803,four,20
ref1,201803,four,19
ref1,201803,one,1
ref1,201803,one,2
ref1,201803,three,13
ref1,201803,three,14
ref1,201803,two,8
ref1,201803,two,7
ref2,201802,four,21
ref2,201802,four,26
ref2,201802,one,4
ref2,201802,one,3
ref2,201802,three,15
ref2,201802,three,12
ref2,201802,two,9
ref2,201802,two,10
ref3,201801,four,48
ref3,201801,four,37
ref3,201801,one,5
ref3,201801,one,6
ref3,201801,three,12
ref3,201801,three,12
ref3,201801,two,11
ref3,201801,two,12