{"identifier" : "ref1", "date" : "201803", "variable" : "four" , "valueColProvided" : 20},
{"identifier" : "ref1", "date" : "201803", "variable" : "four" , "valueColProvided" : 19},
{"identifier" : "ref1", "date" : "201803", "variable" : "one"  , "valueColProvided" :  1},
{"identifier" : "ref1", "date" : "201803", "variable" : "one"  , "valueColProvided" :  2},
{"identifier" : "ref1", "date" : "201803", "variable" : "three", "valueColProvided" : 13},
{"identifier" : "ref1", "date" : "201803", "variable" : "three", "valueColProvided" : 14},
{"identifier" : "ref1", "date" : "201803", "variable" : "two"  , "valueColProvided" :  8},
{"identifier" : "ref1", "date" : "201803", "variable" : "two"  , "valueColProvided" :  7},
{"identifier" : "ref2", "date" : "201802", "variable" : "four" , "valueColProvided" : 21},
{"identifier" : "ref2", "date" : "201802", "variable" : "four" , "valueColProvided" : 22},
{"identifier" : "ref2", "date" : "201802", "variable" : "one"  , "valueColProvided" :  4},
{"identifier" : "ref2", "date" : "201802", "variable" : "one"  , "valueColProvided" :  3},
{"identifier" : "ref2", "date" : "201802", "variable" : "three", "valueColProvided" : 15},
{"identifier" : "ref2", "date" : "201802", "variable" : "three", "valueColProvided" : 16},
{"identifier" : "ref2", "date" : "201802", "variable" : "two"  , "valueColProvided" :  9},
{"identifier" : "ref2", "date" : "201802", "variable" : "two"  , "valueColProvided" : 10},
{"identifier" : "ref3", "date" : "201801", "variable" : "four" , "valueColProvided" : 24},
{"identifier" : "ref3", "date" : "201801", "variable" : "four" , "valueColProvided" : 23},
{"identifier" : "ref3", "date" : "201801", "variable" : "one"  , "valueColProvided" :  5},
{"identifier" : "ref3", "date" : "201801", "variable" : "one"  , "valueColProvided" :  6},
{"identifier" : "ref3", "date" : "201801", "variable" : "three", "valueColProvided" : 17},
{"identifier" : "ref3", "date" : "201801", "variable" : "three", "valueColProvided" : 18},
{"identifier" : "ref3", "date" : "201801", "variable" : "two"  , "valueColProvided" : 11},
{"identifier" : "ref3", "date" : "201801", "variable" : "two"  , "valueColProvided" : 12}