{"identifier" : "ref1", "date" : "201803", "colNameProvided" : "four" , "value" : 20},
{"identifier" : "ref1", "date" : "201803", "colNameProvided" : "four" , "value" : 19},
{"identifier" : "ref1", "date" : "201803", "colNameProvided" : "one"  , "value" :  1},
{"identifier" : "ref1", "date" : "201803", "colNameProvided" : "one"  , "value" :  2},
{"identifier" : "ref1", "date" : "201803", "colNameProvided" : "three", "value" : 13},
{"identifier" : "ref1", "date" : "201803", "colNameProvided" : "three", "value" : 14},
{"identifier" : "ref1", "date" : "201803", "colNameProvided" : "two"  , "value" :  8},
{"identifier" : "ref1", "date" : "201803", "colNameProvided" : "two"  , "value" :  7},
{"identifier" : "ref2", "date" : "201802", "colNameProvided" : "four" , "value" : 21},
{"identifier" : "ref2", "date" : "201802", "colNameProvided" : "four" , "value" : 22},
{"identifier" : "ref2", "date" : "201802", "colNameProvided" : "one"  , "value" :  4},
{"identifier" : "ref2", "date" : "201802", "colNameProvided" : "one"  , "value" :  3},
{"identifier" : "ref2", "date" : "201802", "colNameProvided" : "three", "value" : 15},
{"identifier" : "ref2", "date" : "201802", "colNameProvided" : "three", "value" : 16},
{"identifier" : "ref2", "date" : "201802", "colNameProvided" : "two"  , "value" :  9},
{"identifier" : "ref2", "date" : "201802", "colNameProvided" : "two"  , "value" : 10},
{"identifier" : "ref3", "date" : "201801", "colNameProvided" : "four" , "value" : 24},
{"identifier" : "ref3", "date" : "201801", "colNameProvided" : "four" , "value" : 23},
{"identifier" : "ref3", "date" : "201801", "colNameProvided" : "one"  , "value" :  5},
{"identifier" : "ref3", "date" : "201801", "colNameProvided" : "one"  , "value" :  6},
{"identifier" : "ref3", "date" : "201801", "colNameProvided" : "three", "value" : 17},
{"identifier" : "ref3", "date" : "201801", "colNameProvided" : "three", "value" : 18},
{"identifier" : "ref3", "date" : "201801", "colNameProvided" : "two"  , "value" : 11},
{"identifier" : "ref3", "date" : "201801", "colNameProvided" : "two"  , "value" : 12}