{"grouping_classification":"500", "reporting_period":"100", "auxiliary_variable":1141,  "focus":"1000010003", "turnover":1133, "complexity":      null, "population_grouping_classification":"500", "population_reporting_period":"100", "count_of_focus_sample":3, "sum_of_auxiliary_variable_sample":3152, "sum_of_auxiliary_variable_population":4846, "sum_of_target_sample":3298, "count_of_focus_population":5, "grouping_classification_beta":"500", "reporting_period_beta":"100", "ratio_estimation_flag":0, "beta_grouping_classification":1.04631979695431, "estimated_target_by_grouping_classification":1193.85088832487, "residual_target_by_grouping_classification":-60.850888324873},
{"grouping_classification":"500", "reporting_period":"100", "auxiliary_variable":1197,  "focus":"1000010001", "turnover":1144, "complexity":      null, "population_grouping_classification":"500", "population_reporting_period":"100", "count_of_focus_sample":3, "sum_of_auxiliary_variable_sample":3152, "sum_of_auxiliary_variable_population":4846, "sum_of_target_sample":3298, "count_of_focus_population":5, "grouping_classification_beta":"500", "reporting_period_beta":"100", "ratio_estimation_flag":0, "beta_grouping_classification":1.04631979695431, "estimated_target_by_grouping_classification":1252.44479695431, "residual_target_by_grouping_classification":-108.444796954314},
{"grouping_classification":"500", "reporting_period":"100", "auxiliary_variable":861,  "focus":"1000010004", "turnover":    null, "complexity":      null, "population_grouping_classification":"500", "population_reporting_period":"100", "count_of_focus_sample":3, "sum_of_auxiliary_variable_sample":3152, "sum_of_auxiliary_variable_population":4846, "sum_of_target_sample":3298, "count_of_focus_population":5, "grouping_classification_beta":"500", "reporting_period_beta":"100", "ratio_estimation_flag":0, "beta_grouping_classification":1.04631979695431, "estimated_target_by_grouping_classification":900.881345177665, "residual_target_by_grouping_classification":null},
{"grouping_classification":"500", "reporting_period":"100", "auxiliary_variable":814,  "focus":"1000010002", "turnover":1021, "complexity":      null, "population_grouping_classification":"500", "population_reporting_period":"100", "count_of_focus_sample":3, "sum_of_auxiliary_variable_sample":3152, "sum_of_auxiliary_variable_population":4846, "sum_of_target_sample":3298, "count_of_focus_population":5, "grouping_classification_beta":"500", "reporting_period_beta":"100", "ratio_estimation_flag":0, "beta_grouping_classification":1.04631979695431, "estimated_target_by_grouping_classification":851.704314720812, "residual_target_by_grouping_classification":169.295685279187},
{"grouping_classification":"500", "reporting_period":"100", "auxiliary_variable":833,  "focus":"1000010005", "turnover":    null, "complexity":      null, "population_grouping_classification":"500", "population_reporting_period":"100", "count_of_focus_sample":3, "sum_of_auxiliary_variable_sample":3152, "sum_of_auxiliary_variable_population":4846, "sum_of_target_sample":3298, "count_of_focus_population":5, "grouping_classification_beta":"500", "reporting_period_beta":"100", "ratio_estimation_flag":0, "beta_grouping_classification":1.04631979695431, "estimated_target_by_grouping_classification":871.584390862944, "residual_target_by_grouping_classification":null},
{"grouping_classification":"500", "reporting_period":"200", "auxiliary_variable":978,  "focus":"1000010001", "turnover":1159, "complexity":      null, "population_grouping_classification":"500", "population_reporting_period":"200", "count_of_focus_sample":3, "sum_of_auxiliary_variable_sample":3411, "sum_of_auxiliary_variable_population":5328, "sum_of_target_sample":3287, "count_of_focus_population":5, "grouping_classification_beta":"500", "reporting_period_beta":"200", "ratio_estimation_flag":0, "beta_grouping_classification":0.96364702433304, "estimated_target_by_grouping_classification":942.446789797713, "residual_target_by_grouping_classification":216.553210202286},
{"grouping_classification":"500", "reporting_period":"200", "auxiliary_variable":1241,  "focus":"1000010003", "turnover":1028, "complexity":      null, "population_grouping_classification":"500", "population_reporting_period":"200", "count_of_focus_sample":3, "sum_of_auxiliary_variable_sample":3411, "sum_of_auxiliary_variable_population":5328, "sum_of_target_sample":3287, "count_of_focus_population":5, "grouping_classification_beta":"500", "reporting_period_beta":"200", "ratio_estimation_flag":0, "beta_grouping_classification":0.96364702433304, "estimated_target_by_grouping_classification":1195.8859571973, "residual_target_by_grouping_classification":-167.885957197302},
{"grouping_classification":"500", "reporting_period":"200", "auxiliary_variable":916,  "focus":"1000010005", "turnover":    null, "complexity":      null, "population_grouping_classification":"500", "population_reporting_period":"200", "count_of_focus_sample":3, "sum_of_auxiliary_variable_sample":3411, "sum_of_auxiliary_variable_population":5328, "sum_of_target_sample":3287, "count_of_focus_population":5, "grouping_classification_beta":"500", "reporting_period_beta":"200", "ratio_estimation_flag":0, "beta_grouping_classification":0.96364702433304, "estimated_target_by_grouping_classification":882.700674289064, "residual_target_by_grouping_classification":null},
{"grouping_classification":"500", "reporting_period":"200", "auxiliary_variable":1192,  "focus":"1000010002", "turnover":1100, "complexity":      null, "population_grouping_classification":"500", "population_reporting_period":"200", "count_of_focus_sample":3, "sum_of_auxiliary_variable_sample":3411, "sum_of_auxiliary_variable_population":5328, "sum_of_target_sample":3287, "count_of_focus_population":5, "grouping_classification_beta":"500", "reporting_period_beta":"200", "ratio_estimation_flag":0, "beta_grouping_classification":0.96364702433304, "estimated_target_by_grouping_classification":1148.66725300498, "residual_target_by_grouping_classification":-48.6672530049838},
{"grouping_classification":"500", "reporting_period":"200", "auxiliary_variable":1001,  "focus":"1000010004", "turnover":    null, "complexity":      null, "population_grouping_classification":"500", "population_reporting_period":"200", "count_of_focus_sample":3, "sum_of_auxiliary_variable_sample":3411, "sum_of_auxiliary_variable_population":5328, "sum_of_target_sample":3287, "count_of_focus_population":5, "grouping_classification_beta":"500", "reporting_period_beta":"200", "ratio_estimation_flag":0, "beta_grouping_classification":0.96364702433304, "estimated_target_by_grouping_classification":964.610671357373, "residual_target_by_grouping_classification":null},
{"grouping_classification":"700", "reporting_period":"100", "auxiliary_variable":1157,  "focus":"1000010007", "turnover":874, "complexity":      null, "population_grouping_classification":"700", "population_reporting_period":"100", "count_of_focus_sample":3, "sum_of_auxiliary_variable_sample":3089, "sum_of_auxiliary_variable_population":5341, "sum_of_target_sample":2797, "count_of_focus_population":5, "grouping_classification_beta":"700", "reporting_period_beta":"100", "ratio_estimation_flag":0, "beta_grouping_classification":0.905471026222078, "estimated_target_by_grouping_classification":1047.62997733894, "residual_target_by_grouping_classification":-173.629977338944},
{"grouping_classification":"700", "reporting_period":"100", "auxiliary_variable":782,  "focus":"1000010008", "turnover":1032, "complexity":      null, "population_grouping_classification":"700", "population_reporting_period":"100", "count_of_focus_sample":3, "sum_of_auxiliary_variable_sample":3089, "sum_of_auxiliary_variable_population":5341, "sum_of_target_sample":2797, "count_of_focus_population":5, "grouping_classification_beta":"700", "reporting_period_beta":"100", "ratio_estimation_flag":0, "beta_grouping_classification":0.905471026222078, "estimated_target_by_grouping_classification":708.078342505665, "residual_target_by_grouping_classification":323.921657494334},
{"grouping_classification":"700", "reporting_period":"100", "auxiliary_variable":1227,  "focus":"1000010009", "turnover":    null, "complexity":      null, "population_grouping_classification":"700", "population_reporting_period":"100", "count_of_focus_sample":3, "sum_of_auxiliary_variable_sample":3089, "sum_of_auxiliary_variable_population":5341, "sum_of_target_sample":2797, "count_of_focus_population":5, "grouping_classification_beta":"700", "reporting_period_beta":"100", "ratio_estimation_flag":0, "beta_grouping_classification":0.905471026222078, "estimated_target_by_grouping_classification":1111.01294917449, "residual_target_by_grouping_classification":null},
{"grouping_classification":"700", "reporting_period":"100", "auxiliary_variable":1025,  "focus":"1000010010", "turnover":    null, "complexity":      null, "population_grouping_classification":"700", "population_reporting_period":"100", "count_of_focus_sample":3, "sum_of_auxiliary_variable_sample":3089, "sum_of_auxiliary_variable_population":5341, "sum_of_target_sample":2797, "count_of_focus_population":5, "grouping_classification_beta":"700", "reporting_period_beta":"100", "ratio_estimation_flag":0, "beta_grouping_classification":0.905471026222078, "estimated_target_by_grouping_classification":928.10780187763, "residual_target_by_grouping_classification":null},
{"grouping_classification":"700", "reporting_period":"100", "auxiliary_variable":1150,  "focus":"1000010006", "turnover":891, "complexity":      null, "population_grouping_classification":"700", "population_reporting_period":"100", "count_of_focus_sample":3, "sum_of_auxiliary_variable_sample":3089, "sum_of_auxiliary_variable_population":5341, "sum_of_target_sample":2797, "count_of_focus_population":5, "grouping_classification_beta":"700", "reporting_period_beta":"100", "ratio_estimation_flag":0, "beta_grouping_classification":0.905471026222078, "estimated_target_by_grouping_classification":1041.29168015539, "residual_target_by_grouping_classification":-150.29168015539},
{"grouping_classification":"900", "reporting_period":"100", "auxiliary_variable":1238,  "focus":"1000010011", "turnover":1068, "complexity":      null, "population_grouping_classification":"900", "population_reporting_period":"100", "count_of_focus_sample":3, "sum_of_auxiliary_variable_sample":3224, "sum_of_auxiliary_variable_population":5456, "sum_of_target_sample":3027, "count_of_focus_population":5, "grouping_classification_beta":"900", "reporting_period_beta":"100", "ratio_estimation_flag":0, "beta_grouping_classification":0.938895781637717, "estimated_target_by_grouping_classification":1162.35297766749, "residual_target_by_grouping_classification":-94.3529776674938},
{"grouping_classification":"900", "reporting_period":"100", "auxiliary_variable":998,  "focus":"1000010012", "turnover":1194, "complexity":      null, "population_grouping_classification":"900", "population_reporting_period":"100", "count_of_focus_sample":3, "sum_of_auxiliary_variable_sample":3224, "sum_of_auxiliary_variable_population":5456, "sum_of_target_sample":3027, "count_of_focus_population":5, "grouping_classification_beta":"900", "reporting_period_beta":"100", "ratio_estimation_flag":0, "beta_grouping_classification":0.938895781637717, "estimated_target_by_grouping_classification":937.017990074441, "residual_target_by_grouping_classification":256.982009925558},
{"grouping_classification":"900", "reporting_period":"100", "auxiliary_variable":988,  "focus":"1000010013", "turnover":765, "complexity":      null, "population_grouping_classification":"900", "population_reporting_period":"100", "count_of_focus_sample":3, "sum_of_auxiliary_variable_sample":3224, "sum_of_auxiliary_variable_population":5456, "sum_of_target_sample":3027, "count_of_focus_population":5, "grouping_classification_beta":"900", "reporting_period_beta":"100", "ratio_estimation_flag":0, "beta_grouping_classification":0.938895781637717, "estimated_target_by_grouping_classification":927.629032258064, "residual_target_by_grouping_classification":-162.629032258064},
{"grouping_classification":"900", "reporting_period":"100", "auxiliary_variable":1129,  "focus":"1000010015", "turnover":    null, "complexity":      null, "population_grouping_classification":"900", "population_reporting_period":"100", "count_of_focus_sample":3, "sum_of_auxiliary_variable_sample":3224, "sum_of_auxiliary_variable_population":5456, "sum_of_target_sample":3027, "count_of_focus_population":5, "grouping_classification_beta":"900", "reporting_period_beta":"100", "ratio_estimation_flag":0, "beta_grouping_classification":0.938895781637717, "estimated_target_by_grouping_classification":1060.01333746898, "residual_target_by_grouping_classification":null},
{"grouping_classification":"900", "reporting_period":"100", "auxiliary_variable":1103,  "focus":"1000010014", "turnover":    null, "complexity":      null, "population_grouping_classification":"900", "population_reporting_period":"100", "count_of_focus_sample":3, "sum_of_auxiliary_variable_sample":3224, "sum_of_auxiliary_variable_population":5456, "sum_of_target_sample":3027, "count_of_focus_population":5, "grouping_classification_beta":"900", "reporting_period_beta":"100", "ratio_estimation_flag":0, "beta_grouping_classification":0.938895781637717, "estimated_target_by_grouping_classification":1035.6020471464, "residual_target_by_grouping_classification":null}

