{"grouping_classification":"500", "reporting_period":"100", "sum_of_auxiliary_variable_sample":3152, "sum_of_auxiliary_variable_population":4846, "sum_of_target_sample":3298, "count_of_focus_sample":3, "count_of_focus_population":5, "ratio_estimation_flag":0, "beta_grouping_classification":1.04631979695431, "estimated_target_by_grouping_population":5070.4657360406, "sum_of_Sqr_DeltaRft":44124.1336505385, "root_sum_sqr":210.057453213492, "standard_error":0, "final_target":5070.4657360406},
{"grouping_classification":"500", "reporting_period":"200", "sum_of_auxiliary_variable_sample":3411, "sum_of_auxiliary_variable_population":5328, "sum_of_target_sample":3287, "count_of_focus_sample":3, "count_of_focus_population":5, "ratio_estimation_flag":0, "beta_grouping_classification":0.96364702433304, "estimated_target_by_grouping_population":5134.31134564643, "sum_of_Sqr_DeltaRft":77449.4889880214, "root_sum_sqr":278.297482899183, "standard_error":0, "final_target":5134.31134564643},
{"grouping_classification":"700", "reporting_period":"100", "sum_of_auxiliary_variable_sample":3089, "sum_of_auxiliary_variable_population":5341, "sum_of_target_sample":2797, "count_of_focus_sample":3, "count_of_focus_population":5, "ratio_estimation_flag":0, "beta_grouping_classification":0.905471026222078, "estimated_target_by_grouping_population":4836.12075105212, "sum_of_Sqr_DeltaRft":157660.198348529, "root_sum_sqr":397.064476311504, "standard_error":0, "final_target":4836.12075105212},
{"grouping_classification":"900", "reporting_period":"100", "sum_of_auxiliary_variable_sample":3224, "sum_of_auxiliary_variable_population":5456, "sum_of_target_sample":3027, "count_of_focus_sample":3, "count_of_focus_population":5, "ratio_estimation_flag":0, "beta_grouping_classification":0.938895781637717, "estimated_target_by_grouping_population":5122.61538461538, "sum_of_Sqr_DeltaRft":101390.439953296, "root_sum_sqr":318.418655159048, "standard_error":0, "final_target":5122.61538461538}

