{"id":"A00","group":"1","time":1,"aux":1.0,"value":40},
{"id":"A01","group":"1","time":1,"aux":2.0,"value":50},
{"id":"A02","group":"1","time":1,"aux":3.0,"value":null},
{"id":"A00","group":"1","time":2,"aux":1.0,"value":50},
{"id":"A01","group":"1","time":2,"aux":2.0,"value":70},
{"id":"A02","group":"1","time":2,"aux":3.0,"value":null},
{"id":"A00","group":"1","time":3,"aux":1.0,"value":80},
{"id":"A01","group":"1","time":3,"aux":2.0,"value":95},
{"id":"A02","group":"1","time":3,"aux":3.0,"value":null},
{"id":"A00","group":"1","time":4,"aux":1.0,"value":120},
{"id":"A01","group":"1","time":4,"aux":2.0,"value":140},
{"id":"A02","group":"1","time":4,"aux":3.0,"value":150}