{"id":"A01","cat":"1","time":1,"aux":1.0,"value":10.0},
{"id":"A02","cat":"1","time":2,"aux":2.0,"value":20.0},
{"id":"A03","cat":"1","time":3,"aux":3.0,"value":30.0},
{"id":"A04","cat":"1","time":4,"aux":4.0},
{"id":"A05","cat":"2","time":5,"aux":5.5,"value":7.2},
{"id":"A06","cat":"2","time":7,"aux":6.5,"value":8.2},
{"id":"A07","cat":"2","time":8,"aux":8.5},
{"id":"A08","cat":"3","time":3,"aux":5.0,"value":50.0},
{"id":"A09","cat":"3","time":4,"aux":4.0},
{"id":"A10","cat":"4","time":7,"aux":6.5,"value":8.2},
{"id":"A11","cat":"4","time":8,"aux":8.5},
{"id":"A11","cat":"4","time":9,"aux":8.5},
{"id":"A11","cat":"4","time":10,"aux":8.5,"value":15.0},
{"id":"A11","cat":"4","time":11,"aux":9.5,"value":20.0}