{"vatref9" : "154564891", "ent_entref" : "9900160707", "ru_ruref" : "49907146534", "period" : "517", "turnover_00" : 0, "turnover_01" : 0, "turnover_02" : 7170, "turnover_03" : 0, "turnover_04" : 0, "turnover_05" : 0, "turnover_06" : 0, "turnover_07" : 0, "turnover_08" : 0, "turnover_09" : 0, "turnover_10" : 0, "turnover_11" : 0, "turnover_12" : 0, "turnover_13" : 0, "turnover_14" : 0, "turnover_15" : 0, "stagger" : "02", "turnover" : 7170, "ent_employment" : 51, "ru_employment" : 51, "version" : 1},
{"vatref9" : "154564892", "ent_entref" : "9900160707", "ru_ruref" : "49907146534", "period" : "517", "turnover_00" : 0, "turnover_01" : 1234, "turnover_02" : 0, "turnover_03" : 0, "turnover_04" : 0, "turnover_05" : 0, "turnover_06" : 0, "turnover_07" : 0, "turnover_08" : 0, "turnover_09" : 0, "turnover_10" : 0, "turnover_11" : 0, "turnover_12" : 0, "turnover_13" : 0, "turnover_14" : 0, "turnover_15" : 0, "stagger" : "01", "turnover" : 1234, "ent_employment" : 51, "ru_employment" : 51, "version" : 1},
{"vatref9" : "154564893", "ent_entref" : "9900160707", "ru_ruref" : "49907146534", "period" : "517", "turnover_00" : 4567, "turnover_01" : 0, "turnover_02" : 0, "turnover_03" : 0, "turnover_04" : 0, "turnover_05" : 0, "turnover_06" : 0, "turnover_07" : 0, "turnover_08" : 0, "turnover_09" : 0, "turnover_10" : 0, "turnover_11" : 0, "turnover_12" : 0, "turnover_13" : 0, "turnover_14" : 0, "turnover_15" : 0, "stagger" : "00", "turnover" : 4567, "ent_employment" : 51, "ru_employment" : 51, "version" : 1},

{"vatref9" : "603992138", "ent_entref" : "9900001762", "ru_ruref" : "49900001762", "period" : "517", "turnover_00" : 0, "turnover_01" : 0, "turnover_02" : 0, "turnover_03" : 0, "turnover_04" : 0, "turnover_05" : 0, "turnover_06" : 0, "turnover_07" : 0, "turnover_08" : 0, "turnover_09" : 0, "turnover_10" : 0, "turnover_11" : 0, "turnover_12" : 0, "turnover_13" : 0, "turnover_14" : 0, "turnover_15" : 987, "stagger" : "15", "turnover" : 987, "ent_employment" : 99, "ru_employment" : 99, "version" : 1},
{"vatref9" : "603992139", "ent_entref" : "9900001762", "ru_ruref" : "49900001762", "period" : "517", "turnover_00" : 0, "turnover_01" : 0, "turnover_02" : 0, "turnover_03" : 0, "turnover_04" : 0, "turnover_05" : 0, "turnover_06" : 0, "turnover_07" : 0, "turnover_08" : 0, "turnover_09" : 0, "turnover_10" : 0, "turnover_11" : 0, "turnover_12" : 0, "turnover_13" : 0, "turnover_14" : 654, "turnover_15" : 0, "stagger" : "14", "turnover" : 654, "ent_employment" : 99, "ru_employment" : 99, "version" : 1}