{"id":"A00","group":"1","time":1,"aux":1.0,"value":null, "marker":"c", "impValue":22.0,"AverageImputation":null},
{"id":"A01","group":"1","time":1,"aux":2.0,"value":50, "marker":"r", "impValue":50.0,"AverageImputation":null},
{"id":"A02","group":"1","time":1,"aux":3.0,"value":60, "marker":"r", "impValue":60.0,"AverageImputation":null},
{"id":"A03","group":"1","time":1,"aux":null,"value":null, "marker":"e", "impValue":null,"AverageImputation":null},
{"id":"A01","group":"1","time":2,"aux":2.0,"value":70, "marker":"r", "impValue":70.0,"AverageImputation":null},
{"id":"A02","group":"1","time":2,"aux":3.0,"value":null, "marker":"fi", "impValue":84.0,"AverageImputation":null},
{"id":"A01","group":"1","time":3,"aux":2.0,"value":90, "marker":"r", "impValue":90.0,"AverageImputation":null},
{"id":"A02","group":"1","time":3,"aux":3.0,"value":110, "marker":"r", "impValue":110.0,"AverageImputation":null},
{"id":"A01","group":"1","time":4,"aux":2.0,"value":null, "marker":"fi", "impValue":122.73,"AverageImputation":189.94},
{"id":"A02","group":"1","time":4,"aux":3.0,"value":150, "marker":"r", "impValue":150.0,"AverageImputation":null},
{"id":"A01","group":"1","time":5,"aux":2.0,"value":190, "marker":"r", "impValue":190.0,"AverageImputation":null},
{"id":"A02","group":"1","time":5,"aux":3.0,"value":220, "marker":"r", "impValue":220.0,"AverageImputation":null}