{"id":"A00","group":"1","time":1,"aux":1.0,"value":40,"marker":"r","impValue":40.0},
{"id":"A01","group":"1","time":1,"aux":2.0,"value":50,"marker":"r","impValue":50.0},
{"id":"A02","group":"1","time":1,"aux":3.0,"value":null,"marker":"bi","impValue":51.92},
{"id":"A00","group":"1","time":2,"aux":1.0,"value":50,"marker":"r","impValue":50.0},
{"id":"A01","group":"1","time":2,"aux":2.0,"value":70,"marker":"r","impValue":70.0},
{"id":"A02","group":"1","time":2,"aux":3.0,"value":null,"marker":"bi","impValue":69.23},
{"id":"A00","group":"1","time":3,"aux":1.0,"value":80,"marker":"r","impValue":80.0},
{"id":"A01","group":"1","time":3,"aux":2.0,"value":95,"marker":"r","impValue":95.0},
{"id":"A02","group":"1","time":3,"aux":3.0,"value":null,"marker":"bi","impValue":100.96},
{"id":"A00","group":"1","time":4,"aux":1.0,"value":120,"marker":"r","impValue":120.0},
{"id":"A01","group":"1","time":4,"aux":2.0,"value":140,"marker":"r","impValue":140.0},
{"id":"A02","group":"1","time":4,"aux":3.0,"value":150,"marker":"r","impValue":150.0}