{"id":"A00","group":"1","time":1,"aux":1.0,"value":null, "marker":"c", "impValue":22.0},
{"id":"A01","group":"1","time":1,"aux":2.0,"value":50, "marker":"r", "impValue":50.0},
{"id":"A02","group":"1","time":1,"aux":3.0,"value":60, "marker":"r", "impValue":60.0},
{"id":"A03","group":"1","time":1,"aux":null,"value":null, "marker":"e", "impValue":null},
{"id":"A04","group":"1","time":1,"aux":4.0,"value":null, "marker":"bi", "impValue":42.86},
{"id":"A01","group":"1","time":2,"aux":2.0,"value":70, "marker":"r", "impValue":70.0},
{"id":"A02","group":"1","time":2,"aux":3.0,"value":null, "marker":"fi", "impValue":84.0},
{"id":"A04","group":"1","time":2,"aux":4.0,"value":60, "marker":"r", "impValue":60.0},