{"id":"A00","group":"1","time":1,"aux":1.0,"value":30,"marker":"r","impValue":30.0},
{"id":"A01","group":"1","time":1,"aux":2.0,"value":50,"marker":"r","impValue":50.0},
{"id":"A02","group":"1","time":1,"aux":3.0,"value":60,"marker":"r","impValue":60.0},
{"id":"A00","group":"1","time":2,"aux":1.0,"value":60,"marker":"r","impValue":60.0},
{"id":"A01","group":"1","time":2,"aux":2.0,"value":70,"marker":"r","impValue":70.0},
{"id":"A02","group":"1","time":2,"aux":3.0,"value":null,"marker":"fi","impValue":97.5},
{"id":"A00","group":"1","time":3,"aux":1.0,"value":90,"marker":"r","impValue":90.0},
{"id":"A01","group":"1","time":3,"aux":2.0,"value":80,"marker":"r","impValue":80.0},
{"id":"A02","group":"1","time":3,"aux":3.0,"value":null,"marker":"fi","impValue":127.5},
{"id":"A00","group":"1","time":4,"aux":1.0,"value":110,"marker":"r","impValue":110.0},
{"id":"A01","group":"1","time":4,"aux":2.0,"value":70,"marker":"r","impValue":70.0},
{"id":"A02","group":"1","time":4,"aux":3.0,"value":null,"marker":"fi","impValue":135},