{"id":"A01","cat":"1","time":1,"aux":1.0,"value":10.0,"impValue":10.0,"marker":"r"},
{"id":"A02","cat":"1","time":2,"aux":2.0,"value":20.0,"impValue":20.0,"marker":"r"},
{"id":"A03","cat":"1","time":3,"aux":3.0,"value":30.0,"impValue":30.0,"marker":"r"},
{"id":"A04","cat":"1","time":4,"aux":4.0,"impValue":60.0,"marker":"i"}
{"id":"A05","cat":"2","time":5,"aux":5.5,"value":7.2,"impValue":7.2,"marker":"r"},
{"id":"A06","cat":"2","time":7,"aux":6.5,"value":8.2,"impValue":8.2,"marker":"r"},
{"id":"A07","cat":"2","time":8,"aux":8.5,"impValue":17.54,"marker":"i"},
{"id":"A08","cat":"3","time":3,"aux":5.0,"value":50.0, "impValue":50.0,"marker":"r"},
{"id":"A09","cat":"3","time":4,"aux":4.0,"impValue":null,"marker":"e"},
{"id":"A10","cat":"4","time":7,"aux":6.5,"value":8.2, "impValue":8.2,"marker":"r"},
{"id":"A11","cat":"4","time":8,"aux":8.5,"impValue":null,"marker":"e"}
