{"id":"A00","group":"1","time":1,"aux":1.0,"value":null,"marker":"c","impValue":22.0},
{"id":"A01","group":"1","time":1,"aux":2.0,"value":50,"marker":"r","impValue":50.0},
{"id":"A02","group":"1","time":1,"aux":3.0,"value":60,"marker":"r","impValue":60.0},
{"id":"A01","group":"1","time":2,"aux":2.0,"value":70,"marker":"r","impValue":70.0},
{"id":"A02","group":"1","time":2,"aux":3.0,"value":null,"marker":"fi","impValue":84.0},
{"id":"A01","group":"1","time":3,"aux":2.0,"value":90,"marker":"r","impValue":90.0},
{"id":"A02","group":"1","time":3,"aux":3.0,"value":110,"marker":"r","impValue":110.0},
{"id":"A01","group":"1","time":4,"aux":2.0,"value":120,"marker":"r","impValue":120.0},
{"id":"A02","group":"1","time":4,"aux":3.0,"value":null,"marker":"fi","impValue":146.67},
{"id":"A01","group":"1","time":5,"aux":2.0,"value":140,"marker":"r","impValue":140.0},
{"id":"A02","group":"1","time":5,"aux":3.0,"value":160,"marker":"r","impValue":160.0},