{"auxiliary": 123, "strata": 100, "target": 984, "design_weight": 1.6666666666666667, "calibration_weight": 1.1207943925233643},
{"auxiliary": 456, "strata": 100, "target": 997, "design_weight": 1.6666666666666667, "calibration_weight": 1.1207943925233643},
{"auxiliary": 789, "strata": 222, "target": 968, "design_weight": 1.6666666666666667, "calibration_weight": 1.1207943925233643},
{"auxiliary": 101, "strata": 333, "target": 846, "design_weight": 1.6666666666666667, "calibration_weight": 1.1207943925233643},
{"auxiliary": 112, "strata": 444, "target": 842, "design_weight": 1.6666666666666667, "calibration_weight": 1.1207943925233643},
{"auxiliary": 131, "strata": 555, "target": 171, "design_weight": 1.6666666666666667, "calibration_weight": 1.1207943925233643},
{"auxiliary": 415, "strata": 333,                "design_weight": 1.6666666666666667, "calibration_weight": 1.1207943925233643},
{"auxiliary": 161, "strata": 222,                "design_weight": 1.6666666666666667, "calibration_weight": 1.1207943925233643},
{"auxiliary": 718, "strata": 100,                "design_weight": 1.6666666666666667, "calibration_weight": 1.1207943925233643},
{"auxiliary": 192, "strata": 100,                "design_weight": 1.6666666666666667, "calibration_weight": 1.1207943925233643}