{"cell_no": 9004, "q21_adj":  100, "rep_unit":  1, "design_weight": 2.0},
{"cell_no": 9004, "q21_adj":  200, "rep_unit":  2, "design_weight": 2.0},
{"cell_no": 9004, "q21_adj":  300, "rep_unit":  3, "design_weight": 2.0},
{"cell_no": 9004,                  "rep_unit":  4, "design_weight": 2.0},
{"cell_no": 9004, "q21_adj":  400, "rep_unit":  5, "design_weight": 2.0},
{"cell_no": 9004,                  "rep_unit":  6, "design_weight": 2.0},
{"cell_no": 9004,                  "rep_unit":  7, "design_weight": 2.0},
{"cell_no": 9004, "q21_adj":  500, "rep_unit":  8, "design_weight": 2.0},
{"cell_no": 9004,                  "rep_unit":  9, "design_weight": 2.0},
{"cell_no": 9004,                  "rep_unit": 10, "design_weight": 2.0},
{"cell_no": 9044, "q21_adj":   10, "rep_unit": 26, "design_weight": 1.0},
{"cell_no": 9044, "q21_adj":   20, "rep_unit": 27, "design_weight": 1.0},
{"cell_no": 9044, "q21_adj":   30, "rep_unit": 28, "design_weight": 1.0},
{"cell_no": 9044, "q21_adj":   40, "rep_unit": 29, "design_weight": 1.0},
{"cell_no": 9044, "q21_adj":   50, "rep_unit": 30, "design_weight": 1.0},
{"cell_no": 9014, "q21_adj": 1000, "rep_unit": 11, "design_weight": 3.0},
{"cell_no": 9014,                  "rep_unit": 12, "design_weight": 3.0},
{"cell_no": 9014,                  "rep_unit": 13, "design_weight": 3.0},
{"cell_no": 9014, "q21_adj": 2000, "rep_unit": 14, "design_weight": 3.0},
{"cell_no": 9014,                  "rep_unit": 15, "design_weight": 3.0},
{"cell_no": 9014,                  "rep_unit": 16, "design_weight": 3.0},
{"cell_no": 9014, "q21_adj": 3000, "rep_unit": 17, "design_weight": 3.0},
{"cell_no": 9014,                  "rep_unit": 18, "design_weight": 3.0},
{"cell_no": 9014,                  "rep_unit": 19, "design_weight": 3.0},
{"cell_no": 9014, "q21_adj": 4000, "rep_unit": 20, "design_weight": 3.0},
{"cell_no": 9014,                  "rep_unit": 21, "design_weight": 3.0},
{"cell_no": 9014,                  "rep_unit": 22, "design_weight": 3.0},
{"cell_no": 9014, "q21_adj": 5000, "rep_unit": 23, "design_weight": 3.0},
{"cell_no": 9014,                  "rep_unit": 24, "design_weight": 3.0},
{"cell_no": 9014,                  "rep_unit": 25, "design_weight": 3.0}

