{"cell_no": 1002,                  "employment":  1,                    "design_weight":                3.5, "calibration_weight":                1.0},
{"cell_no": 1002, "q21_adj":  222, "employment":  2, "is_trimmed": "1", "design_weight":                3.5, "calibration_weight":                1.0},
{"cell_no": 1002,                  "employment":  3,                    "design_weight":                3.5, "calibration_weight":                1.0},
{"cell_no": 1002, "q21_adj":  444, "employment":  4,                    "design_weight":                3.5, "calibration_weight":                1.0},
{"cell_no": 1002,                  "employment":  5,                    "design_weight":                3.5, "calibration_weight":                1.0},
{"cell_no": 1002, "q21_adj":  666, "employment":  6,                    "design_weight":                3.5, "calibration_weight":                1.0},
{"cell_no": 1002,                  "employment":  7,                    "design_weight":                3.5, "calibration_weight":                1.0},
{"cell_no": 1002, "q21_adj":  888, "employment":  8, "is_trimmed": "1", "design_weight":                3.5, "calibration_weight":                1.0},
{"cell_no": 1002,                  "employment":  9,                    "design_weight":                3.5, "calibration_weight":                1.0},
{"cell_no": 1002, "q21_adj": 1110, "employment": 10, "is_trimmed": "1", "design_weight":                3.5, "calibration_weight":                1.0},
{"cell_no": 1001, "q21_adj":  100, "employment": 10, "is_trimmed": "1", "design_weight": 1.6666666666666667, "calibration_weight": 1.0941176470588234},
{"cell_no": 1001, "q21_adj":  200, "employment": 15, "is_trimmed": "1", "design_weight": 1.6666666666666667, "calibration_weight": 1.0941176470588234},
{"cell_no": 1001, "q21_adj":  300, "employment": 20,                    "design_weight": 1.6666666666666667, "calibration_weight": 1.0941176470588234},
{"cell_no": 1001,                  "employment": 25,                    "design_weight": 1.6666666666666667, "calibration_weight": 1.0941176470588234},
{"cell_no": 1001, "q21_adj":  500, "employment": 30,                    "design_weight": 1.6666666666666667, "calibration_weight": 1.0941176470588234},
{"cell_no": 1001, "q21_adj":  600, "employment": 35,                    "design_weight": 1.6666666666666667, "calibration_weight": 1.0941176470588234},
{"cell_no": 1001, "q21_adj":  700, "employment": 40, "is_trimmed": "1", "design_weight": 1.6666666666666667, "calibration_weight": 1.0941176470588234},
{"cell_no": 1001,                  "employment": 45,                    "design_weight": 1.6666666666666667, "calibration_weight": 1.0941176470588234},
{"cell_no": 1001, "q21_adj":  900, "employment": 50, "is_trimmed": "1", "design_weight": 1.6666666666666667, "calibration_weight": 1.0941176470588234},
{"cell_no": 1001, "q21_adj": 1000, "employment": 55, "is_trimmed": "1", "design_weight": 1.6666666666666667, "calibration_weight": 1.0941176470588234},
{"cell_no": 1003, "q21_adj":  101, "employment":  2, "is_trimmed": "1", "design_weight":                1.0, "calibration_weight":                1.0},
{"cell_no": 1003, "q21_adj":  202, "employment":  4, "is_trimmed": "1", "design_weight":                1.0, "calibration_weight":                1.0},
{"cell_no": 1003, "q21_adj":  303, "employment":  6, "is_trimmed": "1", "design_weight":                1.0, "calibration_weight":                1.0},
{"cell_no": 1003, "q21_adj":  404, "employment":  8,                    "design_weight":                1.0, "calibration_weight":                1.0},
{"cell_no": 1003, "q21_adj":  505, "employment": 10,                    "design_weight":                1.0, "calibration_weight":                1.0},
{"cell_no": 1003, "q21_adj":  606, "employment": 12,                    "design_weight":                1.0, "calibration_weight":                1.0},
{"cell_no": 1003, "q21_adj":  707, "employment": 14,                    "design_weight":                1.0, "calibration_weight":                1.0},
{"cell_no": 1003, "q21_adj":  808, "employment": 16,                    "design_weight":                1.0, "calibration_weight":                1.0},
{"cell_no": 1003, "q21_adj":  909, "employment": 18, "is_trimmed": "1", "design_weight":                1.0, "calibration_weight":                1.0},
{"cell_no": 1003, "q21_adj": 1010, "employment": 20, "is_trimmed": "1", "design_weight":                1.0, "calibration_weight":                1.0}