{"test_financial_year" : 2010, "test_period" : "101", "test_stagger" : 1, "test_turnover" : 309748, "test_vat_returns_vatref9" : "100100111", "lagged_1" : null,   "lagged_2" : null,   "lagged_3" : null,   "qpr_pattern" : 1},
{"test_financial_year" : 2010, "test_period" : "104", "test_stagger" : 1, "test_turnover" : 309748, "test_vat_returns_vatref9" : "100100111", "lagged_1" : 309748, "lagged_2" : null,   "lagged_3" : null,   "qpr_pattern" : 1},
{"test_financial_year" : 2010, "test_period" : "107", "test_stagger" : 1, "test_turnover" : 309748, "test_vat_returns_vatref9" : "100100111", "lagged_1" : 309748, "lagged_2" : 309748, "lagged_3" : null,   "qpr_pattern" : 1},
{"test_financial_year" : 2010, "test_period" : "110", "test_stagger" : 1, "test_turnover" : 309748, "test_vat_returns_vatref9" : "100100111", "lagged_1" : 309748, "lagged_2" : 309748, "lagged_3" : 309748, "qpr_pattern" : 2},
{"test_financial_year" : 2011, "test_period" : "113", "test_stagger" : 1, "test_turnover" : 0,      "test_vat_returns_vatref9" : "100100111", "lagged_1" : 309748, "lagged_2" : 309748, "lagged_3" : 309748, "qpr_pattern" : 0},
{"test_financial_year" : 2011, "test_period" : "116", "test_stagger" : 1, "test_turnover" : 0,      "test_vat_returns_vatref9" : "100100111", "lagged_1" : 0,      "lagged_2" : 309748, "lagged_3" : 309748, "qpr_pattern" : 0},
{"test_financial_year" : 2011, "test_period" : "119", "test_stagger" : 1, "test_turnover" : 0,      "test_vat_returns_vatref9" : "100100111", "lagged_1" : 0,      "lagged_2" : 0,      "lagged_3" : 309748, "qpr_pattern" : 3},
{"test_financial_year" : 2011, "test_period" : "122", "test_stagger" : 1, "test_turnover" : 0,      "test_vat_returns_vatref9" : "100100111", "lagged_1" : 0,      "lagged_2" : 0,      "lagged_3" : 0,      "qpr_pattern" : 2},
{"test_financial_year" : 2012, "test_period" : "125", "test_stagger" : 1, "test_turnover" : 387923, "test_vat_returns_vatref9" : "100100111", "lagged_1" : 0,      "lagged_2" : 0,      "lagged_3" : 0,      "qpr_pattern" : 4},
{"test_financial_year" : 2012, "test_period" : "128", "test_stagger" : 1, "test_turnover" : 130639, "test_vat_returns_vatref9" : "100100111", "lagged_1" : 387923, "lagged_2" : 0,      "lagged_3" : 0,      "qpr_pattern" : 0},
{"test_financial_year" : 2012, "test_period" : "131", "test_stagger" : 1, "test_turnover" : 451998, "test_vat_returns_vatref9" : "100100111", "lagged_1" : 130639, "lagged_2" : 387923, "lagged_3" : 0,      "qpr_pattern" : 0},
{"test_financial_year" : 2012, "test_period" : "134", "test_stagger" : 1, "test_turnover" : 495420, "test_vat_returns_vatref9" : "100100111", "lagged_1" : 451998, "lagged_2" : 130639, "lagged_3" : 387923, "qpr_pattern" : 0},
{"test_financial_year" : 2012, "test_period" : "127", "test_stagger" : 3, "test_turnover" : 0,      "test_vat_returns_vatref9" : "300300333", "lagged_1" : null,   "lagged_2" : null,   "lagged_3" : null,   "qpr_pattern" : 1},
{"test_financial_year" : 2012, "test_period" : "130", "test_stagger" : 3, "test_turnover" : 0,      "test_vat_returns_vatref9" : "300300333", "lagged_1" : 0,      "lagged_2" : null,   "lagged_3" : null,   "qpr_pattern" : 1},
{"test_financial_year" : 2012, "test_period" : "133", "test_stagger" : 3, "test_turnover" : 0,      "test_vat_returns_vatref9" : "300300333", "lagged_1" : 0,      "lagged_2" : 0,      "lagged_3" : null,   "qpr_pattern" : 1},
{"test_financial_year" : 2012, "test_period" : "136", "test_stagger" : 3, "test_turnover" : 174086, "test_vat_returns_vatref9" : "300300333", "lagged_1" : 0,      "lagged_2" : 0,      "lagged_3" : 0,      "qpr_pattern" : 4},
{"test_financial_year" : 2011, "test_period" : "114", "test_stagger" : 2, "test_turnover" : 271002, "test_vat_returns_vatref9" : "200200222", "lagged_1" : null,   "lagged_2" : null,   "lagged_3" : null,   "qpr_pattern" : 1},
{"test_financial_year" : 2011, "test_period" : "117", "test_stagger" : 2, "test_turnover" : 271002, "test_vat_returns_vatref9" : "200200222", "lagged_1" : 271002, "lagged_2" : null,   "lagged_3" : null,   "qpr_pattern" : 1},
{"test_financial_year" : 2011, "test_period" : "120", "test_stagger" : 2, "test_turnover" : 271002, "test_vat_returns_vatref9" : "200200222", "lagged_1" : 271002, "lagged_2" : 271002, "lagged_3" : null,   "qpr_pattern" : 1},
{"test_financial_year" : 2011, "test_period" : "123", "test_stagger" : 2, "test_turnover" : 279857, "test_vat_returns_vatref9" : "200200222", "lagged_1" : 271002, "lagged_2" : 271002, "lagged_3" : 271002, "qpr_pattern" : 0},
{"test_financial_year" : 2012, "test_period" : "126", "test_stagger" : 2, "test_turnover" : 155537, "test_vat_returns_vatref9" : "200200222", "lagged_1" : 279857, "lagged_2" : 271002, "lagged_3" : 271002, "qpr_pattern" : 0},
{"test_financial_year" : 2012, "test_period" : "129", "test_stagger" : 2, "test_turnover" : 0,      "test_vat_returns_vatref9" : "200200222", "lagged_1" : 155537, "lagged_2" : 279857, "lagged_3" : 271002, "qpr_pattern" : 0},
{"test_financial_year" : 2012, "test_period" : "132", "test_stagger" : 2, "test_turnover" : 483998, "test_vat_returns_vatref9" : "200200222", "lagged_1" : 0,      "lagged_2" : 155537, "lagged_3" : 279857, "qpr_pattern" : 0},
{"test_financial_year" : 2012, "test_period" : "135", "test_stagger" : 2, "test_turnover" : 342772, "test_vat_returns_vatref9" : "200200222", "lagged_1" : 483998, "lagged_2" : 0,      "lagged_3" : 155537, "qpr_pattern" : 0}