{"id":1,"period":"2010-01-01","turnover":2800},
{"id":2,"period":"2010-01-01","turnover":660},
{"id":3,"period":"2010-01-01","turnover":150},
{"id":4,"period":"2010-01-01","turnover":450},
{"id":5,"period":"2010-01-01","turnover":10},
{"id":6,"period":"2010-01-01","turnover":210},
{"id":7,"period":"2010-01-01","turnover":4510},
{"id":8,"period":"2010-01-01","turnover":610},
{"id":9,"period":"2010-01-01","turnover":8820},
{"id":10,"period":"2010-01-01","turnover":8820},
{"id":1,"period":"2010-02-01","turnover":400},
{"id":2,"period":"2010-02-01","turnover":600},
{"id":3,"period":"2010-02-01","turnover":170},
{"id":4,"period":"2010-02-01","turnover":770},
{"id":5,"period":"2010-02-01","turnover":610},
{"id":1,"period":"2010-04-01","turnover":400},
{"id":2,"period":"2010-04-01","turnover":500},
{"id":3,"period":"2010-04-01","turnover":570},
{"id":4,"period":"2010-04-01","turnover":270},
{"id":5,"period":"2010-04-01","turnover":510},
{"id":1,"period":"2010-03-01","turnover":430},
{"id":2,"period":"2010-03-01","turnover":550},
{"id":3,"period":"2010-03-01","turnover":170},
{"id":4,"period":"2010-03-01","turnover":670},
{"id":5,"period":"2010-03-01","turnover":210},
{"id":1,"period":"2010-05-01","turnover":730},
{"id":2,"period":"2010-05-01","turnover":950},
{"id":3,"period":"2010-05-01","turnover":1970},
{"id":4,"period":"2010-05-01","turnover":470},
{"id":5,"period":"2010-05-01","turnover":770},
{"id":1,"period":"2010-02-01","turnover":230},
{"id":1,"period":"2010-03-01","turnover":330},
{"id":1,"period":"2010-04-01","turnover":430},
{"id":1,"period":"2010-05-01","turnover":530},
{"id":2,"period":"2010-02-01","turnover":2230},
{"id":2,"period":"2010-03-01","turnover":330},
{"id":2,"period":"2010-04-01","turnover":430},
{"id":2,"period":"2010-05-01","turnover":530},
{"id":4,"period":"2010-02-01","turnover":1230},
{"id":4,"period":"2010-03-01","turnover":330},
{"id":4,"period":"2010-04-01","turnover":430},
{"id":4,"period":"2010-05-01","turnover":530},
{"id":11,"period":"2010-05-01","turnover":10530},
{"id":12,"period":"2010-05-01","turnover":30},
{"id":14,"period":"2010-05-01","turnover":530}