{"id":"01","time":1,"marker":"true","type":"A","target":1.0},
{"id":"01","time":2,"marker":"true","type":"A","target":2.0},
{"id":"01","time":3,"marker":"true","type":"A","target":3.0},
{"id":"01","time":4,"marker":"true","type":"A","target":4.0},
{"id":"02","time":1,"marker":"false","type":"A","target":0.0},
{"id":"02","time":2,"marker":"false","type":"A","target":0.0},
{"id":"02","time":3,"marker":"false","type":"A","target":0.0},
{"id":"02","time":4,"marker":"false","type":"A","target":100.0}
