{"id":1, "date":201501, "value":1000, "marker":0},
{"id":1, "date":201502, "marker":0},
{"id":1, "date":201503, "value":1000, "marker":0},
{"id":2, "date":201501, "marker":0},
{"id":2, "date":201502, "value":1500, "marker":0},
{"id":3, "date":201501, "marker":0},
{"id":3, "date":201502, "value":100, "marker":0},
{"id":4, "date":201501, "value":200, "marker":0},
{"id":4, "date":201502, "value":100, "marker":0},
{"id":4, "date":201503, "marker":0},
{"id":4, "date":201504, "value":100, "marker":0}
