{"id":1, "date":201501, "value":0, "marker":0},
{"id":1, "date":201502, "value":2000, "marker":0},
{"id":2, "date":201501, "value":1000, "marker":0},
{"id":2, "date":201502, "value":4000, "marker":0},
{"id":2, "date":201503, "value":0, "marker":0},
{"id":2, "date":201504, "value":200, "marker":0},
{"id":3, "date":201501, "value":0, "marker":0},
{"id":3, "date":201502, "value":300, "marker":0},
{"id":3, "date":201503, "value":0, "marker":0},
{"id":3, "date":201504, "value":400, "marker":0}