{"vatref9" : "154564892", "ent_entref" : "9907146534", "ru_ruref" : "49907146534", "period" : "517", "turnover_00" : 0, "turnover_01" : 0, "turnover_02" : 7170, "turnover_03" : 0, "turnover_04" : 0, "turnover_05" : 0, "turnover_06" : 0, "turnover_07" : 0, "turnover_08" : 0, "turnover_09" : 0, "turnover_10" : 0, "turnover_11" : 0, "turnover_12" : 0, "turnover_13" : 0, "turnover_14" : 0, "turnover_15" : 0, "stagger" : "02", "turnover" : 7170, "turnover_apportioned" : 7170.0, "ent_employment" : 51, "ru_employment" : 51, "version" : 1},
{"vatref9" : "603992139", "ent_entref" : "9900001762", "ru_ruref" : "49900001762", "period" : "517", "turnover_00" : 0, "turnover_01" : 0, "turnover_02" : 0, "turnover_03" : 0, "turnover_04" : 0, "turnover_05" : 0, "turnover_06" : 0, "turnover_07" : 0, "turnover_08" : 0, "turnover_09" : 0, "turnover_10" : 0, "turnover_11" : 0, "turnover_12" : 0, "turnover_13" : 0, "turnover_14" : 0, "turnover_15" : 4978, "stagger" : "15", "turnover" : 4978, "turnover_apportioned" : 4978.0, "ent_employment" : 99, "ru_employment" : 99, "version" : 1}