{"focus":"1000010001", "reporting_period":"100", "auxiliary_variable":1197, "grouping_classification":"500", "complexity":1, "turnover":1144},
{"focus":"1000010002", "reporting_period":"100", "auxiliary_variable":814, "grouping_classification":"500", "complexity":1, "turnover":1021},
{"focus":"1000010003", "reporting_period":"100", "auxiliary_variable":1141, "grouping_classification":"500", "complexity":1, "turnover":1133},
{"focus":"1000010004", "reporting_period":"100", "auxiliary_variable":861, "grouping_classification":"500", "complexity":1, "turnover":null},
{"focus":"1000010005", "reporting_period":"100", "auxiliary_variable":833, "grouping_classification":"500", "complexity":1, "turnover":null},
{"focus":"1000010006", "reporting_period":"100", "auxiliary_variable":1150, "grouping_classification":"700", "complexity":1, "turnover":891},
{"focus":"1000010007", "reporting_period":"100", "auxiliary_variable":1157, "grouping_classification":"700", "complexity":1, "turnover":874},
{"focus":"1000010008", "reporting_period":"100", "auxiliary_variable":782, "grouping_classification":"700", "complexity":1, "turnover":1032},
{"focus":"1000010009", "reporting_period":"100", "auxiliary_variable":1227, "grouping_classification":"700", "complexity":1, "turnover":null},
{"focus":"1000010010", "reporting_period":"100", "auxiliary_variable":1025, "grouping_classification":"700", "complexity":1, "turnover":null},
{"focus":"1000010011", "reporting_period":"100", "auxiliary_variable":1238, "grouping_classification":"900", "complexity":1, "turnover":1068},
{"focus":"1000010012", "reporting_period":"100", "auxiliary_variable":998, "grouping_classification":"900", "complexity":1, "turnover":1194},
{"focus":"1000010013", "reporting_period":"100", "auxiliary_variable":988, "grouping_classification":"900", "complexity":1, "turnover":765},
{"focus":"1000010014", "reporting_period":"100", "auxiliary_variable":1103, "grouping_classification":"900", "complexity":1, "turnover":null},
{"focus":"1000010015", "reporting_period":"100", "auxiliary_variable":1129, "grouping_classification":"900", "complexity":1, "turnover":null},
{"focus":"1000010001", "reporting_period":"200", "auxiliary_variable":978, "grouping_classification":"500", "complexity":1, "turnover":1159},
{"focus":"1000010002", "reporting_period":"200", "auxiliary_variable":1192, "grouping_classification":"500", "complexity":1, "turnover":1100},
{"focus":"1000010003", "reporting_period":"200", "auxiliary_variable":1241, "grouping_classification":"500", "complexity":1, "turnover":1028},
{"focus":"1000010004", "reporting_period":"200", "auxiliary_variable":1001, "grouping_classification":"500", "complexity":1, "turnover":null},
{"focus":"1000010005", "reporting_period":"200", "auxiliary_variable":916, "grouping_classification":"500", "complexity":1, "turnover":null}
