{"population_focus":"1000010001", "population_reporting_period":"100", "population_auxiliary_variable":1197, "population_grouping_classification":"500", "population_complexity":1},
{"population_focus":"1000010002", "population_reporting_period":"100", "population_auxiliary_variable":814, "population_grouping_classification":"500", "population_complexity":1},
{"population_focus":"1000010003", "population_reporting_period":"100", "population_auxiliary_variable":1141, "population_grouping_classification":"500", "population_complexity":1},
{"population_focus":"1000010004", "population_reporting_period":"100", "population_auxiliary_variable":861, "population_grouping_classification":"500", "population_complexity":1},
{"population_focus":"1000010005", "population_reporting_period":"100", "population_auxiliary_variable":833, "population_grouping_classification":"500", "population_complexity":1},
{"population_focus":"1000010006", "population_reporting_period":"100", "population_auxiliary_variable":1150, "population_grouping_classification":"700", "population_complexity":1},
{"population_focus":"1000010007", "population_reporting_period":"100", "population_auxiliary_variable":1157, "population_grouping_classification":"700", "population_complexity":1},
{"population_focus":"1000010008", "population_reporting_period":"100", "population_auxiliary_variable":782, "population_grouping_classification":"700", "population_complexity":1},
{"population_focus":"1000010009", "population_reporting_period":"100", "population_auxiliary_variable":1227, "population_grouping_classification":"700", "population_complexity":1},
{"population_focus":"1000010010", "population_reporting_period":"100", "population_auxiliary_variable":1025, "population_grouping_classification":"700", "population_complexity":1},
{"population_focus":"1000010011", "population_reporting_period":"100", "population_auxiliary_variable":1238, "population_grouping_classification":"900", "population_complexity":1},
{"population_focus":"1000010012", "population_reporting_period":"100", "population_auxiliary_variable":998, "population_grouping_classification":"900", "population_complexity":1},
{"population_focus":"1000010013", "population_reporting_period":"100", "population_auxiliary_variable":988, "population_grouping_classification":"900", "population_complexity":1},
{"population_focus":"1000010014", "population_reporting_period":"100", "population_auxiliary_variable":1103, "population_grouping_classification":"900", "population_complexity":1},
{"population_focus":"1000010015", "population_reporting_period":"100", "population_auxiliary_variable":1129, "population_grouping_classification":"900", "population_complexity":1},
{"population_focus":"1000010001", "population_reporting_period":"200", "population_auxiliary_variable":978, "population_grouping_classification":"500", "population_complexity":1},
{"population_focus":"1000010002", "population_reporting_period":"200", "population_auxiliary_variable":1192, "population_grouping_classification":"500", "population_complexity":1},
{"population_focus":"1000010003", "population_reporting_period":"200", "population_auxiliary_variable":1241, "population_grouping_classification":"500", "population_complexity":1},
{"population_focus":"1000010004", "population_reporting_period":"200", "population_auxiliary_variable":1001, "population_grouping_classification":"500", "population_complexity":1},
{"population_focus":"1000010005", "population_reporting_period":"200", "population_auxiliary_variable":916, "population_grouping_classification":"500", "population_complexity":1}
