{"target": 984, "strata": 100, "auxiliary": 123},
{"target": 997, "strata": 100, "auxiliary": 456},
{"target": 968, "strata": 222, "auxiliary": 789},
{"target": 846, "strata": 333, "auxiliary": 101},
{"target": 842, "strata": 444, "auxiliary": 112},
{"target": 171, "strata": 555, "auxiliary": 131},
{               "strata": 333, "auxiliary": 415},
{               "strata": 222, "auxiliary": 161},
{               "strata": 100, "auxiliary": 718},
{               "strata": 100, "auxiliary": 192}