{"cell_no": 9004, "q21_adj":  100, "rep_unit":  1},
{"cell_no": 9004, "q21_adj":  200, "rep_unit":  2},
{"cell_no": 9004, "q21_adj":  300, "rep_unit":  3},
{"cell_no": 9004,                  "rep_unit":  4},
{"cell_no": 9004, "q21_adj":  400, "rep_unit":  5},
{"cell_no": 9004,                  "rep_unit":  6},
{"cell_no": 9004,                  "rep_unit":  7},
{"cell_no": 9004, "q21_adj":  500, "rep_unit":  8},
{"cell_no": 9004,                  "rep_unit":  9},
{"cell_no": 9004,                  "rep_unit": 10},
{"cell_no": 9014, "q21_adj": 1000, "rep_unit": 11},
{"cell_no": 9014,                  "rep_unit": 12},
{"cell_no": 9014,                  "rep_unit": 13},
{"cell_no": 9014, "q21_adj": 2000, "rep_unit": 14},
{"cell_no": 9014,                  "rep_unit": 15},
{"cell_no": 9014,                  "rep_unit": 16},
{"cell_no": 9014, "q21_adj": 3000, "rep_unit": 17},
{"cell_no": 9014,                  "rep_unit": 18},
{"cell_no": 9014,                  "rep_unit": 19},
{"cell_no": 9014, "q21_adj": 4000, "rep_unit": 20},
{"cell_no": 9014,                  "rep_unit": 21},
{"cell_no": 9014,                  "rep_unit": 22},
{"cell_no": 9014, "q21_adj": 5000, "rep_unit": 23},
{"cell_no": 9014,                  "rep_unit": 24},
{"cell_no": 9014,                  "rep_unit": 25},
{"cell_no": 9044, "q21_adj":   10, "rep_unit": 26},
{"cell_no": 9044, "q21_adj":   20, "rep_unit": 27},
{"cell_no": 9044, "q21_adj":   30, "rep_unit": 28},
{"cell_no": 9044, "q21_adj":   40, "rep_unit": 29},
{"cell_no": 9044, "q21_adj":   50, "rep_unit": 30}
